benchmark	metric	variant	pair	value
caches:stream	frames	base	1	80.0
caches:stream	cpu_median_ms	base	1	6.978
caches:stream	synchronized_median_ms	base	1	9.236
caches:stream	encode_median_ms	base	1	0.561
caches:stream	shadow_maps	base	1	80.0
caches:stream	shadow_draws	base	1	12800.0
caches:stream	object_buffer_allocations	base	1	95840.0
caches:stream	instance_buffer_allocations	base	1	0.0
caches:stream	surface_records_built	base	1	102400.0
caches:stream	plan_rebuilds	base	1	0.0
caches:stream	bundle_compilations	base	1	80.0
caches:stream	bundle_replays	base	1	80.0
caches:stream	indirect_runs	base	1	0.0
caches:stream	pipeline_binds	base	1	0.0
caches:text_toggle	frames	base	1	80.0
caches:text_toggle	cpu_median_ms	base	1	9.766
caches:text_toggle	synchronized_median_ms	base	1	12.059
caches:text_toggle	encode_median_ms	base	1	1.687
caches:text_toggle	shadow_maps	base	1	80.0
caches:text_toggle	shadow_draws	base	1	12800.0
caches:text_toggle	object_buffer_allocations	base	1	95840.0
caches:text_toggle	instance_buffer_allocations	base	1	0.0
caches:text_toggle	surface_records_built	base	1	102400.0
caches:text_toggle	plan_rebuilds	base	1	0.0
caches:text_toggle	bundle_compilations	base	1	80.0
caches:text_toggle	bundle_replays	base	1	80.0
caches:text_toggle	indirect_runs	base	1	0.0
caches:text_toggle	pipeline_binds	base	1	0.0
caches:taa_play	frames	base	1	80.0
caches:taa_play	cpu_median_ms	base	1	2.949
caches:taa_play	synchronized_median_ms	base	1	4.429
caches:taa_play	encode_median_ms	base	1	0.281
caches:taa_play	shadow_maps	base	1	0.0
caches:taa_play	shadow_draws	base	1	0.0
caches:taa_play	object_buffer_allocations	base	1	0.0
caches:taa_play	instance_buffer_allocations	base	1	0.0
caches:taa_play	surface_records_built	base	1	0.0
caches:taa_play	plan_rebuilds	base	1	0.0
caches:taa_play	bundle_compilations	base	1	0.0
caches:taa_play	bundle_replays	base	1	0.0
caches:taa_play	indirect_runs	base	1	0.0
caches:taa_play	pipeline_binds	base	1	80.0
caches:taa_paused	frames	base	1	80.0
caches:taa_paused	cpu_median_ms	base	1	2.711
caches:taa_paused	synchronized_median_ms	base	1	3.896
caches:taa_paused	encode_median_ms	base	1	0.28
caches:taa_paused	shadow_maps	base	1	0.0
caches:taa_paused	shadow_draws	base	1	0.0
caches:taa_paused	object_buffer_allocations	base	1	0.0
caches:taa_paused	instance_buffer_allocations	base	1	0.0
caches:taa_paused	surface_records_built	base	1	0.0
caches:taa_paused	plan_rebuilds	base	1	0.0
caches:taa_paused	bundle_compilations	base	1	0.0
caches:taa_paused	bundle_replays	base	1	0.0
caches:taa_paused	indirect_runs	base	1	0.0
caches:taa_paused	pipeline_binds	base	1	80.0
caches:taa_blur	frames	base	1	80.0
caches:taa_blur	cpu_median_ms	base	1	3.127
caches:taa_blur	synchronized_median_ms	base	1	4.648
caches:taa_blur	encode_median_ms	base	1	0.304
caches:taa_blur	shadow_maps	base	1	0.0
caches:taa_blur	shadow_draws	base	1	0.0
caches:taa_blur	object_buffer_allocations	base	1	0.0
caches:taa_blur	instance_buffer_allocations	base	1	0.0
caches:taa_blur	surface_records_built	base	1	0.0
caches:taa_blur	plan_rebuilds	base	1	0.0
caches:taa_blur	bundle_compilations	base	1	0.0
caches:taa_blur	bundle_replays	base	1	0.0
caches:taa_blur	indirect_runs	base	1	0.0
caches:taa_blur	pipeline_binds	base	1	80.0
caches:particles	frames	base	1	80.0
caches:particles	cpu_median_ms	base	1	1.806
caches:particles	synchronized_median_ms	base	1	2.131
caches:particles	encode_median_ms	base	1	0.274
caches:particles	shadow_maps	base	1	0.0
caches:particles	shadow_draws	base	1	0.0
caches:particles	object_buffer_allocations	base	1	0.0
caches:particles	instance_buffer_allocations	base	1	0.0
caches:particles	surface_records_built	base	1	0.0
caches:particles	plan_rebuilds	base	1	0.0
caches:particles	bundle_compilations	base	1	0.0
caches:particles	bundle_replays	base	1	0.0
caches:particles	indirect_runs	base	1	0.0
caches:particles	pipeline_binds	base	1	80.0
caches:sky	frames	base	1	80.0
caches:sky	cpu_median_ms	base	1	0.972
caches:sky	synchronized_median_ms	base	1	1.238
caches:sky	encode_median_ms	base	1	0.083
caches:sky	shadow_maps	base	1	0.0
caches:sky	shadow_draws	base	1	0.0
caches:sky	object_buffer_allocations	base	1	0.0
caches:sky	instance_buffer_allocations	base	1	0.0
caches:sky	surface_records_built	base	1	0.0
caches:sky	plan_rebuilds	base	1	0.0
caches:sky	bundle_compilations	base	1	0.0
caches:sky	bundle_replays	base	1	80.0
caches:sky	indirect_runs	base	1	0.0
caches:sky	pipeline_binds	base	1	0.0
caches:stream	frames	final	1	80.0
caches:stream	cpu_median_ms	final	1	0.964
caches:stream	synchronized_median_ms	final	1	1.196
caches:stream	encode_median_ms	final	1	0.11
caches:stream	shadow_maps	final	1	0.0
caches:stream	shadow_draws	final	1	0.0
caches:stream	object_buffer_allocations	final	1	0.0
caches:stream	instance_buffer_allocations	final	1	0.0
caches:stream	surface_records_built	final	1	0.0
caches:stream	plan_rebuilds	final	1	0.0
caches:stream	bundle_compilations	final	1	0.0
caches:stream	bundle_replays	final	1	80.0
caches:stream	indirect_runs	final	1	0.0
caches:stream	pipeline_binds	final	1	0.0
caches:stream	post_bind_groups	final	1	0.0
caches:text_toggle	frames	final	1	80.0
caches:text_toggle	cpu_median_ms	final	1	1.07
caches:text_toggle	synchronized_median_ms	final	1	1.314
caches:text_toggle	encode_median_ms	final	1	0.119
caches:text_toggle	shadow_maps	final	1	0.0
caches:text_toggle	shadow_draws	final	1	0.0
caches:text_toggle	object_buffer_allocations	final	1	0.0
caches:text_toggle	instance_buffer_allocations	final	1	0.0
caches:text_toggle	surface_records_built	final	1	0.0
caches:text_toggle	plan_rebuilds	final	1	0.0
caches:text_toggle	bundle_compilations	final	1	0.0
caches:text_toggle	bundle_replays	final	1	80.0
caches:text_toggle	indirect_runs	final	1	0.0
caches:text_toggle	pipeline_binds	final	1	0.0
caches:text_toggle	post_bind_groups	final	1	0.0
caches:taa_play	frames	final	1	80.0
caches:taa_play	cpu_median_ms	final	1	1.354
caches:taa_play	synchronized_median_ms	final	1	2.509
caches:taa_play	encode_median_ms	final	1	0.121
caches:taa_play	shadow_maps	final	1	0.0
caches:taa_play	shadow_draws	final	1	0.0
caches:taa_play	object_buffer_allocations	final	1	0.0
caches:taa_play	instance_buffer_allocations	final	1	0.0
caches:taa_play	surface_records_built	final	1	0.0
caches:taa_play	plan_rebuilds	final	1	0.0
caches:taa_play	bundle_compilations	final	1	0.0
caches:taa_play	bundle_replays	final	1	80.0
caches:taa_play	indirect_runs	final	1	0.0
caches:taa_play	pipeline_binds	final	1	0.0
caches:taa_play	post_bind_groups	final	1	0.0
caches:taa_paused	frames	final	1	80.0
caches:taa_paused	cpu_median_ms	final	1	1.473
caches:taa_paused	synchronized_median_ms	final	1	2.565
caches:taa_paused	encode_median_ms	final	1	0.135
caches:taa_paused	shadow_maps	final	1	0.0
caches:taa_paused	shadow_draws	final	1	0.0
caches:taa_paused	object_buffer_allocations	final	1	0.0
caches:taa_paused	instance_buffer_allocations	final	1	0.0
caches:taa_paused	surface_records_built	final	1	0.0
caches:taa_paused	plan_rebuilds	final	1	0.0
caches:taa_paused	bundle_compilations	final	1	0.0
caches:taa_paused	bundle_replays	final	1	80.0
caches:taa_paused	indirect_runs	final	1	0.0
caches:taa_paused	pipeline_binds	final	1	0.0
caches:taa_paused	post_bind_groups	final	1	0.0
caches:taa_blur	frames	final	1	80.0
caches:taa_blur	cpu_median_ms	final	1	1.429
caches:taa_blur	synchronized_median_ms	final	1	2.725
caches:taa_blur	encode_median_ms	final	1	0.128
caches:taa_blur	shadow_maps	final	1	0.0
caches:taa_blur	shadow_draws	final	1	0.0
caches:taa_blur	object_buffer_allocations	final	1	0.0
caches:taa_blur	instance_buffer_allocations	final	1	0.0
caches:taa_blur	surface_records_built	final	1	0.0
caches:taa_blur	plan_rebuilds	final	1	0.0
caches:taa_blur	bundle_compilations	final	1	0.0
caches:taa_blur	bundle_replays	final	1	80.0
caches:taa_blur	indirect_runs	final	1	0.0
caches:taa_blur	pipeline_binds	final	1	0.0
caches:taa_blur	post_bind_groups	final	1	0.0
caches:particles	frames	final	1	80.0
caches:particles	cpu_median_ms	final	1	1.061
caches:particles	synchronized_median_ms	final	1	1.298
caches:particles	encode_median_ms	final	1	0.122
caches:particles	shadow_maps	final	1	0.0
caches:particles	shadow_draws	final	1	0.0
caches:particles	object_buffer_allocations	final	1	0.0
caches:particles	instance_buffer_allocations	final	1	0.0
caches:particles	surface_records_built	final	1	0.0
caches:particles	plan_rebuilds	final	1	0.0
caches:particles	bundle_compilations	final	1	0.0
caches:particles	bundle_replays	final	1	80.0
caches:particles	indirect_runs	final	1	0.0
caches:particles	pipeline_binds	final	1	0.0
caches:particles	post_bind_groups	final	1	0.0
caches:sky	frames	final	1	80.0
caches:sky	cpu_median_ms	final	1	0.802
caches:sky	synchronized_median_ms	final	1	1.007
caches:sky	encode_median_ms	final	1	0.082
caches:sky	shadow_maps	final	1	0.0
caches:sky	shadow_draws	final	1	0.0
caches:sky	object_buffer_allocations	final	1	0.0
caches:sky	instance_buffer_allocations	final	1	0.0
caches:sky	surface_records_built	final	1	0.0
caches:sky	plan_rebuilds	final	1	0.0
caches:sky	bundle_compilations	final	1	0.0
caches:sky	bundle_replays	final	1	80.0
caches:sky	indirect_runs	final	1	0.0
caches:sky	pipeline_binds	final	1	0.0
caches:sky	post_bind_groups	final	1	0.0
mipmap	images	base	1	8.0
mipmap	size	base	1	1024.0
mipmap	levels	base	1	11.0
mipmap	upload_cpu_median_ms	base	1	5.848
mipmap	synchronized_median_ms	base	1	5.857
mipmap	images	final	1	8.0
mipmap	size	final	1	1024.0
mipmap	levels	final	1	11.0
mipmap	upload_cpu_median_ms	final	1	5.322
mipmap	synchronized_median_ms	final	1	5.364
temporal:play	items	base	1	4096.0
temporal:play	particles	base	1	16384.0
temporal:play	gi_probes	base	1	4096.0
temporal:play	begin_median_ms	base	1	3.8052
temporal:paused	items	base	1	4096.0
temporal:paused	particles	base	1	16384.0
temporal:paused	gi_probes	base	1	4096.0
temporal:paused	begin_median_ms	base	1	3.8273
temporal:play	items	final	1	4096.0
temporal:play	particles	final	1	16384.0
temporal:play	gi_probes	final	1	4096.0
temporal:play	begin_median_ms	final	1	0.4858
temporal:paused	items	final	1	4096.0
temporal:paused	particles	final	1	16384.0
temporal:paused	gi_probes	final	1	4096.0
temporal:paused	begin_median_ms	final	1	0.4836
caches:stream	frames	base	2	80.0
caches:stream	cpu_median_ms	base	2	6.943
caches:stream	synchronized_median_ms	base	2	9.326
caches:stream	encode_median_ms	base	2	0.564
caches:stream	shadow_maps	base	2	80.0
caches:stream	shadow_draws	base	2	12800.0
caches:stream	object_buffer_allocations	base	2	95840.0
caches:stream	instance_buffer_allocations	base	2	0.0
caches:stream	surface_records_built	base	2	102400.0
caches:stream	plan_rebuilds	base	2	0.0
caches:stream	bundle_compilations	base	2	80.0
caches:stream	bundle_replays	base	2	80.0
caches:stream	indirect_runs	base	2	0.0
caches:stream	pipeline_binds	base	2	0.0
caches:text_toggle	frames	base	2	80.0
caches:text_toggle	cpu_median_ms	base	2	9.72
caches:text_toggle	synchronized_median_ms	base	2	11.925
caches:text_toggle	encode_median_ms	base	2	1.655
caches:text_toggle	shadow_maps	base	2	80.0
caches:text_toggle	shadow_draws	base	2	12800.0
caches:text_toggle	object_buffer_allocations	base	2	95840.0
caches:text_toggle	instance_buffer_allocations	base	2	0.0
caches:text_toggle	surface_records_built	base	2	102400.0
caches:text_toggle	plan_rebuilds	base	2	0.0
caches:text_toggle	bundle_compilations	base	2	80.0
caches:text_toggle	bundle_replays	base	2	80.0
caches:text_toggle	indirect_runs	base	2	0.0
caches:text_toggle	pipeline_binds	base	2	0.0
caches:taa_play	frames	base	2	80.0
caches:taa_play	cpu_median_ms	base	2	2.976
caches:taa_play	synchronized_median_ms	base	2	4.334
caches:taa_play	encode_median_ms	base	2	0.273
caches:taa_play	shadow_maps	base	2	0.0
caches:taa_play	shadow_draws	base	2	0.0
caches:taa_play	object_buffer_allocations	base	2	0.0
caches:taa_play	instance_buffer_allocations	base	2	0.0
caches:taa_play	surface_records_built	base	2	0.0
caches:taa_play	plan_rebuilds	base	2	0.0
caches:taa_play	bundle_compilations	base	2	0.0
caches:taa_play	bundle_replays	base	2	0.0
caches:taa_play	indirect_runs	base	2	0.0
caches:taa_play	pipeline_binds	base	2	80.0
caches:taa_paused	frames	base	2	80.0
caches:taa_paused	cpu_median_ms	base	2	2.808
caches:taa_paused	synchronized_median_ms	base	2	4.053
caches:taa_paused	encode_median_ms	base	2	0.284
caches:taa_paused	shadow_maps	base	2	0.0
caches:taa_paused	shadow_draws	base	2	0.0
caches:taa_paused	object_buffer_allocations	base	2	0.0
caches:taa_paused	instance_buffer_allocations	base	2	0.0
caches:taa_paused	surface_records_built	base	2	0.0
caches:taa_paused	plan_rebuilds	base	2	0.0
caches:taa_paused	bundle_compilations	base	2	0.0
caches:taa_paused	bundle_replays	base	2	0.0
caches:taa_paused	indirect_runs	base	2	0.0
caches:taa_paused	pipeline_binds	base	2	80.0
caches:taa_blur	frames	base	2	80.0
caches:taa_blur	cpu_median_ms	base	2	3.07
caches:taa_blur	synchronized_median_ms	base	2	4.529
caches:taa_blur	encode_median_ms	base	2	0.296
caches:taa_blur	shadow_maps	base	2	0.0
caches:taa_blur	shadow_draws	base	2	0.0
caches:taa_blur	object_buffer_allocations	base	2	0.0
caches:taa_blur	instance_buffer_allocations	base	2	0.0
caches:taa_blur	surface_records_built	base	2	0.0
caches:taa_blur	plan_rebuilds	base	2	0.0
caches:taa_blur	bundle_compilations	base	2	0.0
caches:taa_blur	bundle_replays	base	2	0.0
caches:taa_blur	indirect_runs	base	2	0.0
caches:taa_blur	pipeline_binds	base	2	80.0
caches:particles	frames	base	2	80.0
caches:particles	cpu_median_ms	base	2	1.847
caches:particles	synchronized_median_ms	base	2	2.317
caches:particles	encode_median_ms	base	2	0.287
caches:particles	shadow_maps	base	2	0.0
caches:particles	shadow_draws	base	2	0.0
caches:particles	object_buffer_allocations	base	2	0.0
caches:particles	instance_buffer_allocations	base	2	0.0
caches:particles	surface_records_built	base	2	0.0
caches:particles	plan_rebuilds	base	2	0.0
caches:particles	bundle_compilations	base	2	0.0
caches:particles	bundle_replays	base	2	0.0
caches:particles	indirect_runs	base	2	0.0
caches:particles	pipeline_binds	base	2	80.0
caches:sky	frames	base	2	80.0
caches:sky	cpu_median_ms	base	2	0.933
caches:sky	synchronized_median_ms	base	2	1.155
caches:sky	encode_median_ms	base	2	0.079
caches:sky	shadow_maps	base	2	0.0
caches:sky	shadow_draws	base	2	0.0
caches:sky	object_buffer_allocations	base	2	0.0
caches:sky	instance_buffer_allocations	base	2	0.0
caches:sky	surface_records_built	base	2	0.0
caches:sky	plan_rebuilds	base	2	0.0
caches:sky	bundle_compilations	base	2	0.0
caches:sky	bundle_replays	base	2	80.0
caches:sky	indirect_runs	base	2	0.0
caches:sky	pipeline_binds	base	2	0.0
caches:stream	frames	final	2	80.0
caches:stream	cpu_median_ms	final	2	0.934
caches:stream	synchronized_median_ms	final	2	1.162
caches:stream	encode_median_ms	final	2	0.101
caches:stream	shadow_maps	final	2	0.0
caches:stream	shadow_draws	final	2	0.0
caches:stream	object_buffer_allocations	final	2	0.0
caches:stream	instance_buffer_allocations	final	2	0.0
caches:stream	surface_records_built	final	2	0.0
caches:stream	plan_rebuilds	final	2	0.0
caches:stream	bundle_compilations	final	2	0.0
caches:stream	bundle_replays	final	2	80.0
caches:stream	indirect_runs	final	2	0.0
caches:stream	pipeline_binds	final	2	0.0
caches:stream	post_bind_groups	final	2	0.0
caches:text_toggle	frames	final	2	80.0
caches:text_toggle	cpu_median_ms	final	2	1.079
caches:text_toggle	synchronized_median_ms	final	2	1.325
caches:text_toggle	encode_median_ms	final	2	0.12
caches:text_toggle	shadow_maps	final	2	0.0
caches:text_toggle	shadow_draws	final	2	0.0
caches:text_toggle	object_buffer_allocations	final	2	0.0
caches:text_toggle	instance_buffer_allocations	final	2	0.0
caches:text_toggle	surface_records_built	final	2	0.0
caches:text_toggle	plan_rebuilds	final	2	0.0
caches:text_toggle	bundle_compilations	final	2	0.0
caches:text_toggle	bundle_replays	final	2	80.0
caches:text_toggle	indirect_runs	final	2	0.0
caches:text_toggle	pipeline_binds	final	2	0.0
caches:text_toggle	post_bind_groups	final	2	0.0
caches:taa_play	frames	final	2	80.0
caches:taa_play	cpu_median_ms	final	2	1.458
caches:taa_play	synchronized_median_ms	final	2	2.626
caches:taa_play	encode_median_ms	final	2	0.133
caches:taa_play	shadow_maps	final	2	0.0
caches:taa_play	shadow_draws	final	2	0.0
caches:taa_play	object_buffer_allocations	final	2	0.0
caches:taa_play	instance_buffer_allocations	final	2	0.0
caches:taa_play	surface_records_built	final	2	0.0
caches:taa_play	plan_rebuilds	final	2	0.0
caches:taa_play	bundle_compilations	final	2	0.0
caches:taa_play	bundle_replays	final	2	80.0
caches:taa_play	indirect_runs	final	2	0.0
caches:taa_play	pipeline_binds	final	2	0.0
caches:taa_play	post_bind_groups	final	2	0.0
caches:taa_paused	frames	final	2	80.0
caches:taa_paused	cpu_median_ms	final	2	1.393
caches:taa_paused	synchronized_median_ms	final	2	2.491
caches:taa_paused	encode_median_ms	final	2	0.131
caches:taa_paused	shadow_maps	final	2	0.0
caches:taa_paused	shadow_draws	final	2	0.0
caches:taa_paused	object_buffer_allocations	final	2	0.0
caches:taa_paused	instance_buffer_allocations	final	2	0.0
caches:taa_paused	surface_records_built	final	2	0.0
caches:taa_paused	plan_rebuilds	final	2	0.0
caches:taa_paused	bundle_compilations	final	2	0.0
caches:taa_paused	bundle_replays	final	2	80.0
caches:taa_paused	indirect_runs	final	2	0.0
caches:taa_paused	pipeline_binds	final	2	0.0
caches:taa_paused	post_bind_groups	final	2	0.0
caches:taa_blur	frames	final	2	80.0
caches:taa_blur	cpu_median_ms	final	2	1.407
caches:taa_blur	synchronized_median_ms	final	2	2.585
caches:taa_blur	encode_median_ms	final	2	0.126
caches:taa_blur	shadow_maps	final	2	0.0
caches:taa_blur	shadow_draws	final	2	0.0
caches:taa_blur	object_buffer_allocations	final	2	0.0
caches:taa_blur	instance_buffer_allocations	final	2	0.0
caches:taa_blur	surface_records_built	final	2	0.0
caches:taa_blur	plan_rebuilds	final	2	0.0
caches:taa_blur	bundle_compilations	final	2	0.0
caches:taa_blur	bundle_replays	final	2	80.0
caches:taa_blur	indirect_runs	final	2	0.0
caches:taa_blur	pipeline_binds	final	2	0.0
caches:taa_blur	post_bind_groups	final	2	0.0
caches:particles	frames	final	2	80.0
caches:particles	cpu_median_ms	final	2	1.077
caches:particles	synchronized_median_ms	final	2	1.321
caches:particles	encode_median_ms	final	2	0.121
caches:particles	shadow_maps	final	2	0.0
caches:particles	shadow_draws	final	2	0.0
caches:particles	object_buffer_allocations	final	2	0.0
caches:particles	instance_buffer_allocations	final	2	0.0
caches:particles	surface_records_built	final	2	0.0
caches:particles	plan_rebuilds	final	2	0.0
caches:particles	bundle_compilations	final	2	0.0
caches:particles	bundle_replays	final	2	80.0
caches:particles	indirect_runs	final	2	0.0
caches:particles	pipeline_binds	final	2	0.0
caches:particles	post_bind_groups	final	2	0.0
caches:sky	frames	final	2	80.0
caches:sky	cpu_median_ms	final	2	0.79
caches:sky	synchronized_median_ms	final	2	1.009
caches:sky	encode_median_ms	final	2	0.077
caches:sky	shadow_maps	final	2	0.0
caches:sky	shadow_draws	final	2	0.0
caches:sky	object_buffer_allocations	final	2	0.0
caches:sky	instance_buffer_allocations	final	2	0.0
caches:sky	surface_records_built	final	2	0.0
caches:sky	plan_rebuilds	final	2	0.0
caches:sky	bundle_compilations	final	2	0.0
caches:sky	bundle_replays	final	2	80.0
caches:sky	indirect_runs	final	2	0.0
caches:sky	pipeline_binds	final	2	0.0
caches:sky	post_bind_groups	final	2	0.0
mipmap	images	base	2	8.0
mipmap	size	base	2	1024.0
mipmap	levels	base	2	11.0
mipmap	upload_cpu_median_ms	base	2	5.841
mipmap	synchronized_median_ms	base	2	5.886
mipmap	images	final	2	8.0
mipmap	size	final	2	1024.0
mipmap	levels	final	2	11.0
mipmap	upload_cpu_median_ms	final	2	4.901
mipmap	synchronized_median_ms	final	2	4.927
temporal:play	items	base	2	4096.0
temporal:play	particles	base	2	16384.0
temporal:play	gi_probes	base	2	4096.0
temporal:play	begin_median_ms	base	2	3.8623
temporal:paused	items	base	2	4096.0
temporal:paused	particles	base	2	16384.0
temporal:paused	gi_probes	base	2	4096.0
temporal:paused	begin_median_ms	base	2	3.8927
temporal:play	items	final	2	4096.0
temporal:play	particles	final	2	16384.0
temporal:play	gi_probes	final	2	4096.0
temporal:play	begin_median_ms	final	2	0.4864
temporal:paused	items	final	2	4096.0
temporal:paused	particles	final	2	16384.0
temporal:paused	gi_probes	final	2	4096.0
temporal:paused	begin_median_ms	final	2	0.487
caches:stream	frames	base	3	80.0
caches:stream	cpu_median_ms	base	3	6.83
caches:stream	synchronized_median_ms	base	3	8.961
caches:stream	encode_median_ms	base	3	0.541
caches:stream	shadow_maps	base	3	80.0
caches:stream	shadow_draws	base	3	12800.0
caches:stream	object_buffer_allocations	base	3	95840.0
caches:stream	instance_buffer_allocations	base	3	0.0
caches:stream	surface_records_built	base	3	102400.0
caches:stream	plan_rebuilds	base	3	0.0
caches:stream	bundle_compilations	base	3	80.0
caches:stream	bundle_replays	base	3	80.0
caches:stream	indirect_runs	base	3	0.0
caches:stream	pipeline_binds	base	3	0.0
caches:text_toggle	frames	base	3	80.0
caches:text_toggle	cpu_median_ms	base	3	9.357
caches:text_toggle	synchronized_median_ms	base	3	11.459
caches:text_toggle	encode_median_ms	base	3	1.577
caches:text_toggle	shadow_maps	base	3	80.0
caches:text_toggle	shadow_draws	base	3	12800.0
caches:text_toggle	object_buffer_allocations	base	3	95840.0
caches:text_toggle	instance_buffer_allocations	base	3	0.0
caches:text_toggle	surface_records_built	base	3	102400.0
caches:text_toggle	plan_rebuilds	base	3	0.0
caches:text_toggle	bundle_compilations	base	3	80.0
caches:text_toggle	bundle_replays	base	3	80.0
caches:text_toggle	indirect_runs	base	3	0.0
caches:text_toggle	pipeline_binds	base	3	0.0
caches:taa_play	frames	base	3	80.0
caches:taa_play	cpu_median_ms	base	3	2.611
caches:taa_play	synchronized_median_ms	base	3	3.798
caches:taa_play	encode_median_ms	base	3	0.258
caches:taa_play	shadow_maps	base	3	0.0
caches:taa_play	shadow_draws	base	3	0.0
caches:taa_play	object_buffer_allocations	base	3	0.0
caches:taa_play	instance_buffer_allocations	base	3	0.0
caches:taa_play	surface_records_built	base	3	0.0
caches:taa_play	plan_rebuilds	base	3	0.0
caches:taa_play	bundle_compilations	base	3	0.0
caches:taa_play	bundle_replays	base	3	0.0
caches:taa_play	indirect_runs	base	3	0.0
caches:taa_play	pipeline_binds	base	3	80.0
caches:taa_paused	frames	base	3	80.0
caches:taa_paused	cpu_median_ms	base	3	2.779
caches:taa_paused	synchronized_median_ms	base	3	3.968
caches:taa_paused	encode_median_ms	base	3	0.276
caches:taa_paused	shadow_maps	base	3	0.0
caches:taa_paused	shadow_draws	base	3	0.0
caches:taa_paused	object_buffer_allocations	base	3	0.0
caches:taa_paused	instance_buffer_allocations	base	3	0.0
caches:taa_paused	surface_records_built	base	3	0.0
caches:taa_paused	plan_rebuilds	base	3	0.0
caches:taa_paused	bundle_compilations	base	3	0.0
caches:taa_paused	bundle_replays	base	3	0.0
caches:taa_paused	indirect_runs	base	3	0.0
caches:taa_paused	pipeline_binds	base	3	80.0
caches:taa_blur	frames	base	3	80.0
caches:taa_blur	cpu_median_ms	base	3	2.868
caches:taa_blur	synchronized_median_ms	base	3	4.283
caches:taa_blur	encode_median_ms	base	3	0.277
caches:taa_blur	shadow_maps	base	3	0.0
caches:taa_blur	shadow_draws	base	3	0.0
caches:taa_blur	object_buffer_allocations	base	3	0.0
caches:taa_blur	instance_buffer_allocations	base	3	0.0
caches:taa_blur	surface_records_built	base	3	0.0
caches:taa_blur	plan_rebuilds	base	3	0.0
caches:taa_blur	bundle_compilations	base	3	0.0
caches:taa_blur	bundle_replays	base	3	0.0
caches:taa_blur	indirect_runs	base	3	0.0
caches:taa_blur	pipeline_binds	base	3	80.0
caches:particles	frames	base	3	80.0
caches:particles	cpu_median_ms	base	3	1.751
caches:particles	synchronized_median_ms	base	3	2.173
caches:particles	encode_median_ms	base	3	0.267
caches:particles	shadow_maps	base	3	0.0
caches:particles	shadow_draws	base	3	0.0
caches:particles	object_buffer_allocations	base	3	0.0
caches:particles	instance_buffer_allocations	base	3	0.0
caches:particles	surface_records_built	base	3	0.0
caches:particles	plan_rebuilds	base	3	0.0
caches:particles	bundle_compilations	base	3	0.0
caches:particles	bundle_replays	base	3	0.0
caches:particles	indirect_runs	base	3	0.0
caches:particles	pipeline_binds	base	3	80.0
caches:sky	frames	base	3	80.0
caches:sky	cpu_median_ms	base	3	0.93
caches:sky	synchronized_median_ms	base	3	1.144
caches:sky	encode_median_ms	base	3	0.078
caches:sky	shadow_maps	base	3	0.0
caches:sky	shadow_draws	base	3	0.0
caches:sky	object_buffer_allocations	base	3	0.0
caches:sky	instance_buffer_allocations	base	3	0.0
caches:sky	surface_records_built	base	3	0.0
caches:sky	plan_rebuilds	base	3	0.0
caches:sky	bundle_compilations	base	3	0.0
caches:sky	bundle_replays	base	3	80.0
caches:sky	indirect_runs	base	3	0.0
caches:sky	pipeline_binds	base	3	0.0
caches:stream	frames	final	3	80.0
caches:stream	cpu_median_ms	final	3	0.951
caches:stream	synchronized_median_ms	final	3	1.183
caches:stream	encode_median_ms	final	3	0.102
caches:stream	shadow_maps	final	3	0.0
caches:stream	shadow_draws	final	3	0.0
caches:stream	object_buffer_allocations	final	3	0.0
caches:stream	instance_buffer_allocations	final	3	0.0
caches:stream	surface_records_built	final	3	0.0
caches:stream	plan_rebuilds	final	3	0.0
caches:stream	bundle_compilations	final	3	0.0
caches:stream	bundle_replays	final	3	80.0
caches:stream	indirect_runs	final	3	0.0
caches:stream	pipeline_binds	final	3	0.0
caches:stream	post_bind_groups	final	3	0.0
caches:text_toggle	frames	final	3	80.0
caches:text_toggle	cpu_median_ms	final	3	1.078
caches:text_toggle	synchronized_median_ms	final	3	1.323
caches:text_toggle	encode_median_ms	final	3	0.12
caches:text_toggle	shadow_maps	final	3	0.0
caches:text_toggle	shadow_draws	final	3	0.0
caches:text_toggle	object_buffer_allocations	final	3	0.0
caches:text_toggle	instance_buffer_allocations	final	3	0.0
caches:text_toggle	surface_records_built	final	3	0.0
caches:text_toggle	plan_rebuilds	final	3	0.0
caches:text_toggle	bundle_compilations	final	3	0.0
caches:text_toggle	bundle_replays	final	3	80.0
caches:text_toggle	indirect_runs	final	3	0.0
caches:text_toggle	pipeline_binds	final	3	0.0
caches:text_toggle	post_bind_groups	final	3	0.0
caches:taa_play	frames	final	3	80.0
caches:taa_play	cpu_median_ms	final	3	1.394
caches:taa_play	synchronized_median_ms	final	3	2.594
caches:taa_play	encode_median_ms	final	3	0.128
caches:taa_play	shadow_maps	final	3	0.0
caches:taa_play	shadow_draws	final	3	0.0
caches:taa_play	object_buffer_allocations	final	3	0.0
caches:taa_play	instance_buffer_allocations	final	3	0.0
caches:taa_play	surface_records_built	final	3	0.0
caches:taa_play	plan_rebuilds	final	3	0.0
caches:taa_play	bundle_compilations	final	3	0.0
caches:taa_play	bundle_replays	final	3	80.0
caches:taa_play	indirect_runs	final	3	0.0
caches:taa_play	pipeline_binds	final	3	0.0
caches:taa_play	post_bind_groups	final	3	0.0
caches:taa_paused	frames	final	3	80.0
caches:taa_paused	cpu_median_ms	final	3	1.372
caches:taa_paused	synchronized_median_ms	final	3	2.438
caches:taa_paused	encode_median_ms	final	3	0.126
caches:taa_paused	shadow_maps	final	3	0.0
caches:taa_paused	shadow_draws	final	3	0.0
caches:taa_paused	object_buffer_allocations	final	3	0.0
caches:taa_paused	instance_buffer_allocations	final	3	0.0
caches:taa_paused	surface_records_built	final	3	0.0
caches:taa_paused	plan_rebuilds	final	3	0.0
caches:taa_paused	bundle_compilations	final	3	0.0
caches:taa_paused	bundle_replays	final	3	80.0
caches:taa_paused	indirect_runs	final	3	0.0
caches:taa_paused	pipeline_binds	final	3	0.0
caches:taa_paused	post_bind_groups	final	3	0.0
caches:taa_blur	frames	final	3	80.0
caches:taa_blur	cpu_median_ms	final	3	1.395
caches:taa_blur	synchronized_median_ms	final	3	2.667
caches:taa_blur	encode_median_ms	final	3	0.125
caches:taa_blur	shadow_maps	final	3	0.0
caches:taa_blur	shadow_draws	final	3	0.0
caches:taa_blur	object_buffer_allocations	final	3	0.0
caches:taa_blur	instance_buffer_allocations	final	3	0.0
caches:taa_blur	surface_records_built	final	3	0.0
caches:taa_blur	plan_rebuilds	final	3	0.0
caches:taa_blur	bundle_compilations	final	3	0.0
caches:taa_blur	bundle_replays	final	3	80.0
caches:taa_blur	indirect_runs	final	3	0.0
caches:taa_blur	pipeline_binds	final	3	0.0
caches:taa_blur	post_bind_groups	final	3	0.0
caches:particles	frames	final	3	80.0
caches:particles	cpu_median_ms	final	3	1.069
caches:particles	synchronized_median_ms	final	3	1.378
caches:particles	encode_median_ms	final	3	0.117
caches:particles	shadow_maps	final	3	0.0
caches:particles	shadow_draws	final	3	0.0
caches:particles	object_buffer_allocations	final	3	0.0
caches:particles	instance_buffer_allocations	final	3	0.0
caches:particles	surface_records_built	final	3	0.0
caches:particles	plan_rebuilds	final	3	0.0
caches:particles	bundle_compilations	final	3	0.0
caches:particles	bundle_replays	final	3	80.0
caches:particles	indirect_runs	final	3	0.0
caches:particles	pipeline_binds	final	3	0.0
caches:particles	post_bind_groups	final	3	0.0
caches:sky	frames	final	3	80.0
caches:sky	cpu_median_ms	final	3	0.821
caches:sky	synchronized_median_ms	final	3	1.074
caches:sky	encode_median_ms	final	3	0.079
caches:sky	shadow_maps	final	3	0.0
caches:sky	shadow_draws	final	3	0.0
caches:sky	object_buffer_allocations	final	3	0.0
caches:sky	instance_buffer_allocations	final	3	0.0
caches:sky	surface_records_built	final	3	0.0
caches:sky	plan_rebuilds	final	3	0.0
caches:sky	bundle_compilations	final	3	0.0
caches:sky	bundle_replays	final	3	80.0
caches:sky	indirect_runs	final	3	0.0
caches:sky	pipeline_binds	final	3	0.0
caches:sky	post_bind_groups	final	3	0.0
mipmap	images	base	3	8.0
mipmap	size	base	3	1024.0
mipmap	levels	base	3	11.0
mipmap	upload_cpu_median_ms	base	3	6.004
mipmap	synchronized_median_ms	base	3	6.013
mipmap	images	final	3	8.0
mipmap	size	final	3	1024.0
mipmap	levels	final	3	11.0
mipmap	upload_cpu_median_ms	final	3	4.73
mipmap	synchronized_median_ms	final	3	4.746
temporal:play	items	base	3	4096.0
temporal:play	particles	base	3	16384.0
temporal:play	gi_probes	base	3	4096.0
temporal:play	begin_median_ms	base	3	3.8749
temporal:paused	items	base	3	4096.0
temporal:paused	particles	base	3	16384.0
temporal:paused	gi_probes	base	3	4096.0
temporal:paused	begin_median_ms	base	3	3.8456
temporal:play	items	final	3	4096.0
temporal:play	particles	final	3	16384.0
temporal:play	gi_probes	final	3	4096.0
temporal:play	begin_median_ms	final	3	0.4853
temporal:paused	items	final	3	4096.0
temporal:paused	particles	final	3	16384.0
temporal:paused	gi_probes	final	3	4096.0
temporal:paused	begin_median_ms	final	3	0.4851
caches:stream	frames	base	4	80.0
caches:stream	cpu_median_ms	base	4	6.962
caches:stream	synchronized_median_ms	base	4	9.055
caches:stream	encode_median_ms	base	4	0.552
caches:stream	shadow_maps	base	4	80.0
caches:stream	shadow_draws	base	4	12800.0
caches:stream	object_buffer_allocations	base	4	95840.0
caches:stream	instance_buffer_allocations	base	4	0.0
caches:stream	surface_records_built	base	4	102400.0
caches:stream	plan_rebuilds	base	4	0.0
caches:stream	bundle_compilations	base	4	80.0
caches:stream	bundle_replays	base	4	80.0
caches:stream	indirect_runs	base	4	0.0
caches:stream	pipeline_binds	base	4	0.0
caches:text_toggle	frames	base	4	80.0
caches:text_toggle	cpu_median_ms	base	4	9.817
caches:text_toggle	synchronized_median_ms	base	4	12.01
caches:text_toggle	encode_median_ms	base	4	1.668
caches:text_toggle	shadow_maps	base	4	80.0
caches:text_toggle	shadow_draws	base	4	12800.0
caches:text_toggle	object_buffer_allocations	base	4	95840.0
caches:text_toggle	instance_buffer_allocations	base	4	0.0
caches:text_toggle	surface_records_built	base	4	102400.0
caches:text_toggle	plan_rebuilds	base	4	0.0
caches:text_toggle	bundle_compilations	base	4	80.0
caches:text_toggle	bundle_replays	base	4	80.0
caches:text_toggle	indirect_runs	base	4	0.0
caches:text_toggle	pipeline_binds	base	4	0.0
caches:taa_play	frames	base	4	80.0
caches:taa_play	cpu_median_ms	base	4	2.914
caches:taa_play	synchronized_median_ms	base	4	4.227
caches:taa_play	encode_median_ms	base	4	0.272
caches:taa_play	shadow_maps	base	4	0.0
caches:taa_play	shadow_draws	base	4	0.0
caches:taa_play	object_buffer_allocations	base	4	0.0
caches:taa_play	instance_buffer_allocations	base	4	0.0
caches:taa_play	surface_records_built	base	4	0.0
caches:taa_play	plan_rebuilds	base	4	0.0
caches:taa_play	bundle_compilations	base	4	0.0
caches:taa_play	bundle_replays	base	4	0.0
caches:taa_play	indirect_runs	base	4	0.0
caches:taa_play	pipeline_binds	base	4	80.0
caches:taa_paused	frames	base	4	80.0
caches:taa_paused	cpu_median_ms	base	4	2.687
caches:taa_paused	synchronized_median_ms	base	4	3.806
caches:taa_paused	encode_median_ms	base	4	0.271
caches:taa_paused	shadow_maps	base	4	0.0
caches:taa_paused	shadow_draws	base	4	0.0
caches:taa_paused	object_buffer_allocations	base	4	0.0
caches:taa_paused	instance_buffer_allocations	base	4	0.0
caches:taa_paused	surface_records_built	base	4	0.0
caches:taa_paused	plan_rebuilds	base	4	0.0
caches:taa_paused	bundle_compilations	base	4	0.0
caches:taa_paused	bundle_replays	base	4	0.0
caches:taa_paused	indirect_runs	base	4	0.0
caches:taa_paused	pipeline_binds	base	4	80.0
caches:taa_blur	frames	base	4	80.0
caches:taa_blur	cpu_median_ms	base	4	2.781
caches:taa_blur	synchronized_median_ms	base	4	4.058
caches:taa_blur	encode_median_ms	base	4	0.277
caches:taa_blur	shadow_maps	base	4	0.0
caches:taa_blur	shadow_draws	base	4	0.0
caches:taa_blur	object_buffer_allocations	base	4	0.0
caches:taa_blur	instance_buffer_allocations	base	4	0.0
caches:taa_blur	surface_records_built	base	4	0.0
caches:taa_blur	plan_rebuilds	base	4	0.0
caches:taa_blur	bundle_compilations	base	4	0.0
caches:taa_blur	bundle_replays	base	4	0.0
caches:taa_blur	indirect_runs	base	4	0.0
caches:taa_blur	pipeline_binds	base	4	80.0
caches:particles	frames	base	4	80.0
caches:particles	cpu_median_ms	base	4	1.765
caches:particles	synchronized_median_ms	base	4	2.073
caches:particles	encode_median_ms	base	4	0.268
caches:particles	shadow_maps	base	4	0.0
caches:particles	shadow_draws	base	4	0.0
caches:particles	object_buffer_allocations	base	4	0.0
caches:particles	instance_buffer_allocations	base	4	0.0
caches:particles	surface_records_built	base	4	0.0
caches:particles	plan_rebuilds	base	4	0.0
caches:particles	bundle_compilations	base	4	0.0
caches:particles	bundle_replays	base	4	0.0
caches:particles	indirect_runs	base	4	0.0
caches:particles	pipeline_binds	base	4	80.0
caches:sky	frames	base	4	80.0
caches:sky	cpu_median_ms	base	4	0.942
caches:sky	synchronized_median_ms	base	4	1.213
caches:sky	encode_median_ms	base	4	0.078
caches:sky	shadow_maps	base	4	0.0
caches:sky	shadow_draws	base	4	0.0
caches:sky	object_buffer_allocations	base	4	0.0
caches:sky	instance_buffer_allocations	base	4	0.0
caches:sky	surface_records_built	base	4	0.0
caches:sky	plan_rebuilds	base	4	0.0
caches:sky	bundle_compilations	base	4	0.0
caches:sky	bundle_replays	base	4	80.0
caches:sky	indirect_runs	base	4	0.0
caches:sky	pipeline_binds	base	4	0.0
caches:stream	frames	final	4	80.0
caches:stream	cpu_median_ms	final	4	0.983
caches:stream	synchronized_median_ms	final	4	1.217
caches:stream	encode_median_ms	final	4	0.11
caches:stream	shadow_maps	final	4	0.0
caches:stream	shadow_draws	final	4	0.0
caches:stream	object_buffer_allocations	final	4	0.0
caches:stream	instance_buffer_allocations	final	4	0.0
caches:stream	surface_records_built	final	4	0.0
caches:stream	plan_rebuilds	final	4	0.0
caches:stream	bundle_compilations	final	4	0.0
caches:stream	bundle_replays	final	4	80.0
caches:stream	indirect_runs	final	4	0.0
caches:stream	pipeline_binds	final	4	0.0
caches:stream	post_bind_groups	final	4	0.0
caches:text_toggle	frames	final	4	80.0
caches:text_toggle	cpu_median_ms	final	4	1.091
caches:text_toggle	synchronized_median_ms	final	4	1.323
caches:text_toggle	encode_median_ms	final	4	0.121
caches:text_toggle	shadow_maps	final	4	0.0
caches:text_toggle	shadow_draws	final	4	0.0
caches:text_toggle	object_buffer_allocations	final	4	0.0
caches:text_toggle	instance_buffer_allocations	final	4	0.0
caches:text_toggle	surface_records_built	final	4	0.0
caches:text_toggle	plan_rebuilds	final	4	0.0
caches:text_toggle	bundle_compilations	final	4	0.0
caches:text_toggle	bundle_replays	final	4	80.0
caches:text_toggle	indirect_runs	final	4	0.0
caches:text_toggle	pipeline_binds	final	4	0.0
caches:text_toggle	post_bind_groups	final	4	0.0
caches:taa_play	frames	final	4	80.0
caches:taa_play	cpu_median_ms	final	4	1.407
caches:taa_play	synchronized_median_ms	final	4	2.538
caches:taa_play	encode_median_ms	final	4	0.13
caches:taa_play	shadow_maps	final	4	0.0
caches:taa_play	shadow_draws	final	4	0.0
caches:taa_play	object_buffer_allocations	final	4	0.0
caches:taa_play	instance_buffer_allocations	final	4	0.0
caches:taa_play	surface_records_built	final	4	0.0
caches:taa_play	plan_rebuilds	final	4	0.0
caches:taa_play	bundle_compilations	final	4	0.0
caches:taa_play	bundle_replays	final	4	80.0
caches:taa_play	indirect_runs	final	4	0.0
caches:taa_play	pipeline_binds	final	4	0.0
caches:taa_play	post_bind_groups	final	4	0.0
caches:taa_paused	frames	final	4	80.0
caches:taa_paused	cpu_median_ms	final	4	1.36
caches:taa_paused	synchronized_median_ms	final	4	2.398
caches:taa_paused	encode_median_ms	final	4	0.125
caches:taa_paused	shadow_maps	final	4	0.0
caches:taa_paused	shadow_draws	final	4	0.0
caches:taa_paused	object_buffer_allocations	final	4	0.0
caches:taa_paused	instance_buffer_allocations	final	4	0.0
caches:taa_paused	surface_records_built	final	4	0.0
caches:taa_paused	plan_rebuilds	final	4	0.0
caches:taa_paused	bundle_compilations	final	4	0.0
caches:taa_paused	bundle_replays	final	4	80.0
caches:taa_paused	indirect_runs	final	4	0.0
caches:taa_paused	pipeline_binds	final	4	0.0
caches:taa_paused	post_bind_groups	final	4	0.0
caches:taa_blur	frames	final	4	80.0
caches:taa_blur	cpu_median_ms	final	4	1.397
caches:taa_blur	synchronized_median_ms	final	4	2.567
caches:taa_blur	encode_median_ms	final	4	0.129
caches:taa_blur	shadow_maps	final	4	0.0
caches:taa_blur	shadow_draws	final	4	0.0
caches:taa_blur	object_buffer_allocations	final	4	0.0
caches:taa_blur	instance_buffer_allocations	final	4	0.0
caches:taa_blur	surface_records_built	final	4	0.0
caches:taa_blur	plan_rebuilds	final	4	0.0
caches:taa_blur	bundle_compilations	final	4	0.0
caches:taa_blur	bundle_replays	final	4	80.0
caches:taa_blur	indirect_runs	final	4	0.0
caches:taa_blur	pipeline_binds	final	4	0.0
caches:taa_blur	post_bind_groups	final	4	0.0
caches:particles	frames	final	4	80.0
caches:particles	cpu_median_ms	final	4	1.06
caches:particles	synchronized_median_ms	final	4	1.298
caches:particles	encode_median_ms	final	4	0.119
caches:particles	shadow_maps	final	4	0.0
caches:particles	shadow_draws	final	4	0.0
caches:particles	object_buffer_allocations	final	4	0.0
caches:particles	instance_buffer_allocations	final	4	0.0
caches:particles	surface_records_built	final	4	0.0
caches:particles	plan_rebuilds	final	4	0.0
caches:particles	bundle_compilations	final	4	0.0
caches:particles	bundle_replays	final	4	80.0
caches:particles	indirect_runs	final	4	0.0
caches:particles	pipeline_binds	final	4	0.0
caches:particles	post_bind_groups	final	4	0.0
caches:sky	frames	final	4	80.0
caches:sky	cpu_median_ms	final	4	0.784
caches:sky	synchronized_median_ms	final	4	0.987
caches:sky	encode_median_ms	final	4	0.076
caches:sky	shadow_maps	final	4	0.0
caches:sky	shadow_draws	final	4	0.0
caches:sky	object_buffer_allocations	final	4	0.0
caches:sky	instance_buffer_allocations	final	4	0.0
caches:sky	surface_records_built	final	4	0.0
caches:sky	plan_rebuilds	final	4	0.0
caches:sky	bundle_compilations	final	4	0.0
caches:sky	bundle_replays	final	4	80.0
caches:sky	indirect_runs	final	4	0.0
caches:sky	pipeline_binds	final	4	0.0
caches:sky	post_bind_groups	final	4	0.0
mipmap	images	base	4	8.0
mipmap	size	base	4	1024.0
mipmap	levels	base	4	11.0
mipmap	upload_cpu_median_ms	base	4	6.036
mipmap	synchronized_median_ms	base	4	6.082
mipmap	images	final	4	8.0
mipmap	size	final	4	1024.0
mipmap	levels	final	4	11.0
mipmap	upload_cpu_median_ms	final	4	5.034
mipmap	synchronized_median_ms	final	4	5.048
temporal:play	items	base	4	4096.0
temporal:play	particles	base	4	16384.0
temporal:play	gi_probes	base	4	4096.0
temporal:play	begin_median_ms	base	4	3.8131
temporal:paused	items	base	4	4096.0
temporal:paused	particles	base	4	16384.0
temporal:paused	gi_probes	base	4	4096.0
temporal:paused	begin_median_ms	base	4	3.8238
temporal:play	items	final	4	4096.0
temporal:play	particles	final	4	16384.0
temporal:play	gi_probes	final	4	4096.0
temporal:play	begin_median_ms	final	4	0.4864
temporal:paused	items	final	4	4096.0
temporal:paused	particles	final	4	16384.0
temporal:paused	gi_probes	final	4	4096.0
temporal:paused	begin_median_ms	final	4	0.4854
caches:stream	frames	base	5	80.0
caches:stream	cpu_median_ms	base	5	6.919
caches:stream	synchronized_median_ms	base	5	9.073
caches:stream	encode_median_ms	base	5	0.565
caches:stream	shadow_maps	base	5	80.0
caches:stream	shadow_draws	base	5	12800.0
caches:stream	object_buffer_allocations	base	5	95840.0
caches:stream	instance_buffer_allocations	base	5	0.0
caches:stream	surface_records_built	base	5	102400.0
caches:stream	plan_rebuilds	base	5	0.0
caches:stream	bundle_compilations	base	5	80.0
caches:stream	bundle_replays	base	5	80.0
caches:stream	indirect_runs	base	5	0.0
caches:stream	pipeline_binds	base	5	0.0
caches:text_toggle	frames	base	5	80.0
caches:text_toggle	cpu_median_ms	base	5	9.378
caches:text_toggle	synchronized_median_ms	base	5	11.3
caches:text_toggle	encode_median_ms	base	5	1.587
caches:text_toggle	shadow_maps	base	5	80.0
caches:text_toggle	shadow_draws	base	5	12800.0
caches:text_toggle	object_buffer_allocations	base	5	95840.0
caches:text_toggle	instance_buffer_allocations	base	5	0.0
caches:text_toggle	surface_records_built	base	5	102400.0
caches:text_toggle	plan_rebuilds	base	5	0.0
caches:text_toggle	bundle_compilations	base	5	80.0
caches:text_toggle	bundle_replays	base	5	80.0
caches:text_toggle	indirect_runs	base	5	0.0
caches:text_toggle	pipeline_binds	base	5	0.0
caches:taa_play	frames	base	5	80.0
caches:taa_play	cpu_median_ms	base	5	2.793
caches:taa_play	synchronized_median_ms	base	5	4.006
caches:taa_play	encode_median_ms	base	5	0.265
caches:taa_play	shadow_maps	base	5	0.0
caches:taa_play	shadow_draws	base	5	0.0
caches:taa_play	object_buffer_allocations	base	5	0.0
caches:taa_play	instance_buffer_allocations	base	5	0.0
caches:taa_play	surface_records_built	base	5	0.0
caches:taa_play	plan_rebuilds	base	5	0.0
caches:taa_play	bundle_compilations	base	5	0.0
caches:taa_play	bundle_replays	base	5	0.0
caches:taa_play	indirect_runs	base	5	0.0
caches:taa_play	pipeline_binds	base	5	80.0
caches:taa_paused	frames	base	5	80.0
caches:taa_paused	cpu_median_ms	base	5	2.658
caches:taa_paused	synchronized_median_ms	base	5	3.832
caches:taa_paused	encode_median_ms	base	5	0.271
caches:taa_paused	shadow_maps	base	5	0.0
caches:taa_paused	shadow_draws	base	5	0.0
caches:taa_paused	object_buffer_allocations	base	5	0.0
caches:taa_paused	instance_buffer_allocations	base	5	0.0
caches:taa_paused	surface_records_built	base	5	0.0
caches:taa_paused	plan_rebuilds	base	5	0.0
caches:taa_paused	bundle_compilations	base	5	0.0
caches:taa_paused	bundle_replays	base	5	0.0
caches:taa_paused	indirect_runs	base	5	0.0
caches:taa_paused	pipeline_binds	base	5	80.0
caches:taa_blur	frames	base	5	80.0
caches:taa_blur	cpu_median_ms	base	5	2.722
caches:taa_blur	synchronized_median_ms	base	5	4.051
caches:taa_blur	encode_median_ms	base	5	0.272
caches:taa_blur	shadow_maps	base	5	0.0
caches:taa_blur	shadow_draws	base	5	0.0
caches:taa_blur	object_buffer_allocations	base	5	0.0
caches:taa_blur	instance_buffer_allocations	base	5	0.0
caches:taa_blur	surface_records_built	base	5	0.0
caches:taa_blur	plan_rebuilds	base	5	0.0
caches:taa_blur	bundle_compilations	base	5	0.0
caches:taa_blur	bundle_replays	base	5	0.0
caches:taa_blur	indirect_runs	base	5	0.0
caches:taa_blur	pipeline_binds	base	5	80.0
caches:particles	frames	base	5	80.0
caches:particles	cpu_median_ms	base	5	1.734
caches:particles	synchronized_median_ms	base	5	1.995
caches:particles	encode_median_ms	base	5	0.269
caches:particles	shadow_maps	base	5	0.0
caches:particles	shadow_draws	base	5	0.0
caches:particles	object_buffer_allocations	base	5	0.0
caches:particles	instance_buffer_allocations	base	5	0.0
caches:particles	surface_records_built	base	5	0.0
caches:particles	plan_rebuilds	base	5	0.0
caches:particles	bundle_compilations	base	5	0.0
caches:particles	bundle_replays	base	5	0.0
caches:particles	indirect_runs	base	5	0.0
caches:particles	pipeline_binds	base	5	80.0
caches:sky	frames	base	5	80.0
caches:sky	cpu_median_ms	base	5	0.932
caches:sky	synchronized_median_ms	base	5	1.166
caches:sky	encode_median_ms	base	5	0.078
caches:sky	shadow_maps	base	5	0.0
caches:sky	shadow_draws	base	5	0.0
caches:sky	object_buffer_allocations	base	5	0.0
caches:sky	instance_buffer_allocations	base	5	0.0
caches:sky	surface_records_built	base	5	0.0
caches:sky	plan_rebuilds	base	5	0.0
caches:sky	bundle_compilations	base	5	0.0
caches:sky	bundle_replays	base	5	80.0
caches:sky	indirect_runs	base	5	0.0
caches:sky	pipeline_binds	base	5	0.0
caches:stream	frames	final	5	80.0
caches:stream	cpu_median_ms	final	5	0.933
caches:stream	synchronized_median_ms	final	5	1.158
caches:stream	encode_median_ms	final	5	0.101
caches:stream	shadow_maps	final	5	0.0
caches:stream	shadow_draws	final	5	0.0
caches:stream	object_buffer_allocations	final	5	0.0
caches:stream	instance_buffer_allocations	final	5	0.0
caches:stream	surface_records_built	final	5	0.0
caches:stream	plan_rebuilds	final	5	0.0
caches:stream	bundle_compilations	final	5	0.0
caches:stream	bundle_replays	final	5	80.0
caches:stream	indirect_runs	final	5	0.0
caches:stream	pipeline_binds	final	5	0.0
caches:stream	post_bind_groups	final	5	0.0
caches:text_toggle	frames	final	5	80.0
caches:text_toggle	cpu_median_ms	final	5	1.074
caches:text_toggle	synchronized_median_ms	final	5	1.31
caches:text_toggle	encode_median_ms	final	5	0.119
caches:text_toggle	shadow_maps	final	5	0.0
caches:text_toggle	shadow_draws	final	5	0.0
caches:text_toggle	object_buffer_allocations	final	5	0.0
caches:text_toggle	instance_buffer_allocations	final	5	0.0
caches:text_toggle	surface_records_built	final	5	0.0
caches:text_toggle	plan_rebuilds	final	5	0.0
caches:text_toggle	bundle_compilations	final	5	0.0
caches:text_toggle	bundle_replays	final	5	80.0
caches:text_toggle	indirect_runs	final	5	0.0
caches:text_toggle	pipeline_binds	final	5	0.0
caches:text_toggle	post_bind_groups	final	5	0.0
caches:taa_play	frames	final	5	80.0
caches:taa_play	cpu_median_ms	final	5	1.366
caches:taa_play	synchronized_median_ms	final	5	2.496
caches:taa_play	encode_median_ms	final	5	0.126
caches:taa_play	shadow_maps	final	5	0.0
caches:taa_play	shadow_draws	final	5	0.0
caches:taa_play	object_buffer_allocations	final	5	0.0
caches:taa_play	instance_buffer_allocations	final	5	0.0
caches:taa_play	surface_records_built	final	5	0.0
caches:taa_play	plan_rebuilds	final	5	0.0
caches:taa_play	bundle_compilations	final	5	0.0
caches:taa_play	bundle_replays	final	5	80.0
caches:taa_play	indirect_runs	final	5	0.0
caches:taa_play	pipeline_binds	final	5	0.0
caches:taa_play	post_bind_groups	final	5	0.0
caches:taa_paused	frames	final	5	80.0
caches:taa_paused	cpu_median_ms	final	5	1.367
caches:taa_paused	synchronized_median_ms	final	5	2.462
caches:taa_paused	encode_median_ms	final	5	0.126
caches:taa_paused	shadow_maps	final	5	0.0
caches:taa_paused	shadow_draws	final	5	0.0
caches:taa_paused	object_buffer_allocations	final	5	0.0
caches:taa_paused	instance_buffer_allocations	final	5	0.0
caches:taa_paused	surface_records_built	final	5	0.0
caches:taa_paused	plan_rebuilds	final	5	0.0
caches:taa_paused	bundle_compilations	final	5	0.0
caches:taa_paused	bundle_replays	final	5	80.0
caches:taa_paused	indirect_runs	final	5	0.0
caches:taa_paused	pipeline_binds	final	5	0.0
caches:taa_paused	post_bind_groups	final	5	0.0
caches:taa_blur	frames	final	5	80.0
caches:taa_blur	cpu_median_ms	final	5	1.386
caches:taa_blur	synchronized_median_ms	final	5	2.55
caches:taa_blur	encode_median_ms	final	5	0.127
caches:taa_blur	shadow_maps	final	5	0.0
caches:taa_blur	shadow_draws	final	5	0.0
caches:taa_blur	object_buffer_allocations	final	5	0.0
caches:taa_blur	instance_buffer_allocations	final	5	0.0
caches:taa_blur	surface_records_built	final	5	0.0
caches:taa_blur	plan_rebuilds	final	5	0.0
caches:taa_blur	bundle_compilations	final	5	0.0
caches:taa_blur	bundle_replays	final	5	80.0
caches:taa_blur	indirect_runs	final	5	0.0
caches:taa_blur	pipeline_binds	final	5	0.0
caches:taa_blur	post_bind_groups	final	5	0.0
caches:particles	frames	final	5	80.0
caches:particles	cpu_median_ms	final	5	1.071
caches:particles	synchronized_median_ms	final	5	1.324
caches:particles	encode_median_ms	final	5	0.122
caches:particles	shadow_maps	final	5	0.0
caches:particles	shadow_draws	final	5	0.0
caches:particles	object_buffer_allocations	final	5	0.0
caches:particles	instance_buffer_allocations	final	5	0.0
caches:particles	surface_records_built	final	5	0.0
caches:particles	plan_rebuilds	final	5	0.0
caches:particles	bundle_compilations	final	5	0.0
caches:particles	bundle_replays	final	5	80.0
caches:particles	indirect_runs	final	5	0.0
caches:particles	pipeline_binds	final	5	0.0
caches:particles	post_bind_groups	final	5	0.0
caches:sky	frames	final	5	80.0
caches:sky	cpu_median_ms	final	5	0.789
caches:sky	synchronized_median_ms	final	5	1.0
caches:sky	encode_median_ms	final	5	0.085
caches:sky	shadow_maps	final	5	0.0
caches:sky	shadow_draws	final	5	0.0
caches:sky	object_buffer_allocations	final	5	0.0
caches:sky	instance_buffer_allocations	final	5	0.0
caches:sky	surface_records_built	final	5	0.0
caches:sky	plan_rebuilds	final	5	0.0
caches:sky	bundle_compilations	final	5	0.0
caches:sky	bundle_replays	final	5	80.0
caches:sky	indirect_runs	final	5	0.0
caches:sky	pipeline_binds	final	5	0.0
caches:sky	post_bind_groups	final	5	0.0
mipmap	images	base	5	8.0
mipmap	size	base	5	1024.0
mipmap	levels	base	5	11.0
mipmap	upload_cpu_median_ms	base	5	6.475
mipmap	synchronized_median_ms	base	5	6.484
mipmap	images	final	5	8.0
mipmap	size	final	5	1024.0
mipmap	levels	final	5	11.0
mipmap	upload_cpu_median_ms	final	5	4.657
mipmap	synchronized_median_ms	final	5	4.672
temporal:play	items	base	5	4096.0
temporal:play	particles	base	5	16384.0
temporal:play	gi_probes	base	5	4096.0
temporal:play	begin_median_ms	base	5	3.8039
temporal:paused	items	base	5	4096.0
temporal:paused	particles	base	5	16384.0
temporal:paused	gi_probes	base	5	4096.0
temporal:paused	begin_median_ms	base	5	3.818
temporal:play	items	final	5	4096.0
temporal:play	particles	final	5	16384.0
temporal:play	gi_probes	final	5	4096.0
temporal:play	begin_median_ms	final	5	0.4845
temporal:paused	items	final	5	4096.0
temporal:paused	particles	final	5	16384.0
temporal:paused	gi_probes	final	5	4096.0
temporal:paused	begin_median_ms	final	5	0.4835
caches:stream	frames	base	6	80.0
caches:stream	cpu_median_ms	base	6	6.925
caches:stream	synchronized_median_ms	base	6	9.079
caches:stream	encode_median_ms	base	6	0.552
caches:stream	shadow_maps	base	6	80.0
caches:stream	shadow_draws	base	6	12800.0
caches:stream	object_buffer_allocations	base	6	95840.0
caches:stream	instance_buffer_allocations	base	6	0.0
caches:stream	surface_records_built	base	6	102400.0
caches:stream	plan_rebuilds	base	6	0.0
caches:stream	bundle_compilations	base	6	80.0
caches:stream	bundle_replays	base	6	80.0
caches:stream	indirect_runs	base	6	0.0
caches:stream	pipeline_binds	base	6	0.0
caches:text_toggle	frames	base	6	80.0
caches:text_toggle	cpu_median_ms	base	6	9.383
caches:text_toggle	synchronized_median_ms	base	6	11.263
caches:text_toggle	encode_median_ms	base	6	1.574
caches:text_toggle	shadow_maps	base	6	80.0
caches:text_toggle	shadow_draws	base	6	12800.0
caches:text_toggle	object_buffer_allocations	base	6	95840.0
caches:text_toggle	instance_buffer_allocations	base	6	0.0
caches:text_toggle	surface_records_built	base	6	102400.0
caches:text_toggle	plan_rebuilds	base	6	0.0
caches:text_toggle	bundle_compilations	base	6	80.0
caches:text_toggle	bundle_replays	base	6	80.0
caches:text_toggle	indirect_runs	base	6	0.0
caches:text_toggle	pipeline_binds	base	6	0.0
caches:taa_play	frames	base	6	80.0
caches:taa_play	cpu_median_ms	base	6	2.922
caches:taa_play	synchronized_median_ms	base	6	4.223
caches:taa_play	encode_median_ms	base	6	0.273
caches:taa_play	shadow_maps	base	6	0.0
caches:taa_play	shadow_draws	base	6	0.0
caches:taa_play	object_buffer_allocations	base	6	0.0
caches:taa_play	instance_buffer_allocations	base	6	0.0
caches:taa_play	surface_records_built	base	6	0.0
caches:taa_play	plan_rebuilds	base	6	0.0
caches:taa_play	bundle_compilations	base	6	0.0
caches:taa_play	bundle_replays	base	6	0.0
caches:taa_play	indirect_runs	base	6	0.0
caches:taa_play	pipeline_binds	base	6	80.0
caches:taa_paused	frames	base	6	80.0
caches:taa_paused	cpu_median_ms	base	6	2.84
caches:taa_paused	synchronized_median_ms	base	6	4.081
caches:taa_paused	encode_median_ms	base	6	0.281
caches:taa_paused	shadow_maps	base	6	0.0
caches:taa_paused	shadow_draws	base	6	0.0
caches:taa_paused	object_buffer_allocations	base	6	0.0
caches:taa_paused	instance_buffer_allocations	base	6	0.0
caches:taa_paused	surface_records_built	base	6	0.0
caches:taa_paused	plan_rebuilds	base	6	0.0
caches:taa_paused	bundle_compilations	base	6	0.0
caches:taa_paused	bundle_replays	base	6	0.0
caches:taa_paused	indirect_runs	base	6	0.0
caches:taa_paused	pipeline_binds	base	6	80.0
caches:taa_blur	frames	base	6	80.0
caches:taa_blur	cpu_median_ms	base	6	2.803
caches:taa_blur	synchronized_median_ms	base	6	4.151
caches:taa_blur	encode_median_ms	base	6	0.276
caches:taa_blur	shadow_maps	base	6	0.0
caches:taa_blur	shadow_draws	base	6	0.0
caches:taa_blur	object_buffer_allocations	base	6	0.0
caches:taa_blur	instance_buffer_allocations	base	6	0.0
caches:taa_blur	surface_records_built	base	6	0.0
caches:taa_blur	plan_rebuilds	base	6	0.0
caches:taa_blur	bundle_compilations	base	6	0.0
caches:taa_blur	bundle_replays	base	6	0.0
caches:taa_blur	indirect_runs	base	6	0.0
caches:taa_blur	pipeline_binds	base	6	80.0
caches:particles	frames	base	6	80.0
caches:particles	cpu_median_ms	base	6	1.897
caches:particles	synchronized_median_ms	base	6	2.265
caches:particles	encode_median_ms	base	6	0.363
caches:particles	shadow_maps	base	6	0.0
caches:particles	shadow_draws	base	6	0.0
caches:particles	object_buffer_allocations	base	6	0.0
caches:particles	instance_buffer_allocations	base	6	0.0
caches:particles	surface_records_built	base	6	0.0
caches:particles	plan_rebuilds	base	6	0.0
caches:particles	bundle_compilations	base	6	0.0
caches:particles	bundle_replays	base	6	0.0
caches:particles	indirect_runs	base	6	0.0
caches:particles	pipeline_binds	base	6	80.0
caches:sky	frames	base	6	80.0
caches:sky	cpu_median_ms	base	6	0.947
caches:sky	synchronized_median_ms	base	6	1.185
caches:sky	encode_median_ms	base	6	0.079
caches:sky	shadow_maps	base	6	0.0
caches:sky	shadow_draws	base	6	0.0
caches:sky	object_buffer_allocations	base	6	0.0
caches:sky	instance_buffer_allocations	base	6	0.0
caches:sky	surface_records_built	base	6	0.0
caches:sky	plan_rebuilds	base	6	0.0
caches:sky	bundle_compilations	base	6	0.0
caches:sky	bundle_replays	base	6	80.0
caches:sky	indirect_runs	base	6	0.0
caches:sky	pipeline_binds	base	6	0.0
caches:stream	frames	final	6	80.0
caches:stream	cpu_median_ms	final	6	0.95
caches:stream	synchronized_median_ms	final	6	1.178
caches:stream	encode_median_ms	final	6	0.109
caches:stream	shadow_maps	final	6	0.0
caches:stream	shadow_draws	final	6	0.0
caches:stream	object_buffer_allocations	final	6	0.0
caches:stream	instance_buffer_allocations	final	6	0.0
caches:stream	surface_records_built	final	6	0.0
caches:stream	plan_rebuilds	final	6	0.0
caches:stream	bundle_compilations	final	6	0.0
caches:stream	bundle_replays	final	6	80.0
caches:stream	indirect_runs	final	6	0.0
caches:stream	pipeline_binds	final	6	0.0
caches:stream	post_bind_groups	final	6	0.0
caches:text_toggle	frames	final	6	80.0
caches:text_toggle	cpu_median_ms	final	6	1.091
caches:text_toggle	synchronized_median_ms	final	6	1.323
caches:text_toggle	encode_median_ms	final	6	0.125
caches:text_toggle	shadow_maps	final	6	0.0
caches:text_toggle	shadow_draws	final	6	0.0
caches:text_toggle	object_buffer_allocations	final	6	0.0
caches:text_toggle	instance_buffer_allocations	final	6	0.0
caches:text_toggle	surface_records_built	final	6	0.0
caches:text_toggle	plan_rebuilds	final	6	0.0
caches:text_toggle	bundle_compilations	final	6	0.0
caches:text_toggle	bundle_replays	final	6	80.0
caches:text_toggle	indirect_runs	final	6	0.0
caches:text_toggle	pipeline_binds	final	6	0.0
caches:text_toggle	post_bind_groups	final	6	0.0
caches:taa_play	frames	final	6	80.0
caches:taa_play	cpu_median_ms	final	6	1.359
caches:taa_play	synchronized_median_ms	final	6	2.474
caches:taa_play	encode_median_ms	final	6	0.123
caches:taa_play	shadow_maps	final	6	0.0
caches:taa_play	shadow_draws	final	6	0.0
caches:taa_play	object_buffer_allocations	final	6	0.0
caches:taa_play	instance_buffer_allocations	final	6	0.0
caches:taa_play	surface_records_built	final	6	0.0
caches:taa_play	plan_rebuilds	final	6	0.0
caches:taa_play	bundle_compilations	final	6	0.0
caches:taa_play	bundle_replays	final	6	80.0
caches:taa_play	indirect_runs	final	6	0.0
caches:taa_play	pipeline_binds	final	6	0.0
caches:taa_play	post_bind_groups	final	6	0.0
caches:taa_paused	frames	final	6	80.0
caches:taa_paused	cpu_median_ms	final	6	1.337
caches:taa_paused	synchronized_median_ms	final	6	2.43
caches:taa_paused	encode_median_ms	final	6	0.124
caches:taa_paused	shadow_maps	final	6	0.0
caches:taa_paused	shadow_draws	final	6	0.0
caches:taa_paused	object_buffer_allocations	final	6	0.0
caches:taa_paused	instance_buffer_allocations	final	6	0.0
caches:taa_paused	surface_records_built	final	6	0.0
caches:taa_paused	plan_rebuilds	final	6	0.0
caches:taa_paused	bundle_compilations	final	6	0.0
caches:taa_paused	bundle_replays	final	6	80.0
caches:taa_paused	indirect_runs	final	6	0.0
caches:taa_paused	pipeline_binds	final	6	0.0
caches:taa_paused	post_bind_groups	final	6	0.0
caches:taa_blur	frames	final	6	80.0
caches:taa_blur	cpu_median_ms	final	6	1.385
caches:taa_blur	synchronized_median_ms	final	6	2.637
caches:taa_blur	encode_median_ms	final	6	0.128
caches:taa_blur	shadow_maps	final	6	0.0
caches:taa_blur	shadow_draws	final	6	0.0
caches:taa_blur	object_buffer_allocations	final	6	0.0
caches:taa_blur	instance_buffer_allocations	final	6	0.0
caches:taa_blur	surface_records_built	final	6	0.0
caches:taa_blur	plan_rebuilds	final	6	0.0
caches:taa_blur	bundle_compilations	final	6	0.0
caches:taa_blur	bundle_replays	final	6	80.0
caches:taa_blur	indirect_runs	final	6	0.0
caches:taa_blur	pipeline_binds	final	6	0.0
caches:taa_blur	post_bind_groups	final	6	0.0
caches:particles	frames	final	6	80.0
caches:particles	cpu_median_ms	final	6	1.066
caches:particles	synchronized_median_ms	final	6	1.31
caches:particles	encode_median_ms	final	6	0.122
caches:particles	shadow_maps	final	6	0.0
caches:particles	shadow_draws	final	6	0.0
caches:particles	object_buffer_allocations	final	6	0.0
caches:particles	instance_buffer_allocations	final	6	0.0
caches:particles	surface_records_built	final	6	0.0
caches:particles	plan_rebuilds	final	6	0.0
caches:particles	bundle_compilations	final	6	0.0
caches:particles	bundle_replays	final	6	80.0
caches:particles	indirect_runs	final	6	0.0
caches:particles	pipeline_binds	final	6	0.0
caches:particles	post_bind_groups	final	6	0.0
caches:sky	frames	final	6	80.0
caches:sky	cpu_median_ms	final	6	0.788
caches:sky	synchronized_median_ms	final	6	1.007
caches:sky	encode_median_ms	final	6	0.077
caches:sky	shadow_maps	final	6	0.0
caches:sky	shadow_draws	final	6	0.0
caches:sky	object_buffer_allocations	final	6	0.0
caches:sky	instance_buffer_allocations	final	6	0.0
caches:sky	surface_records_built	final	6	0.0
caches:sky	plan_rebuilds	final	6	0.0
caches:sky	bundle_compilations	final	6	0.0
caches:sky	bundle_replays	final	6	80.0
caches:sky	indirect_runs	final	6	0.0
caches:sky	pipeline_binds	final	6	0.0
caches:sky	post_bind_groups	final	6	0.0
mipmap	images	base	6	8.0
mipmap	size	base	6	1024.0
mipmap	levels	base	6	11.0
mipmap	upload_cpu_median_ms	base	6	6.57
mipmap	synchronized_median_ms	base	6	6.579
mipmap	images	final	6	8.0
mipmap	size	final	6	1024.0
mipmap	levels	final	6	11.0
mipmap	upload_cpu_median_ms	final	6	4.685
mipmap	synchronized_median_ms	final	6	4.699
temporal:play	items	base	6	4096.0
temporal:play	particles	base	6	16384.0
temporal:play	gi_probes	base	6	4096.0
temporal:play	begin_median_ms	base	6	3.8271
temporal:paused	items	base	6	4096.0
temporal:paused	particles	base	6	16384.0
temporal:paused	gi_probes	base	6	4096.0
temporal:paused	begin_median_ms	base	6	3.8334
temporal:play	items	final	6	4096.0
temporal:play	particles	final	6	16384.0
temporal:play	gi_probes	final	6	4096.0
temporal:play	begin_median_ms	final	6	0.4837
temporal:paused	items	final	6	4096.0
temporal:paused	particles	final	6	16384.0
temporal:paused	gi_probes	final	6	4096.0
temporal:paused	begin_median_ms	final	6	0.4837
caches:stream	frames	base	7	80.0
caches:stream	cpu_median_ms	base	7	6.859
caches:stream	synchronized_median_ms	base	7	8.876
caches:stream	encode_median_ms	base	7	0.552
caches:stream	shadow_maps	base	7	80.0
caches:stream	shadow_draws	base	7	12800.0
caches:stream	object_buffer_allocations	base	7	95840.0
caches:stream	instance_buffer_allocations	base	7	0.0
caches:stream	surface_records_built	base	7	102400.0
caches:stream	plan_rebuilds	base	7	0.0
caches:stream	bundle_compilations	base	7	80.0
caches:stream	bundle_replays	base	7	80.0
caches:stream	indirect_runs	base	7	0.0
caches:stream	pipeline_binds	base	7	0.0
caches:text_toggle	frames	base	7	80.0
caches:text_toggle	cpu_median_ms	base	7	9.383
caches:text_toggle	synchronized_median_ms	base	7	11.273
caches:text_toggle	encode_median_ms	base	7	1.6
caches:text_toggle	shadow_maps	base	7	80.0
caches:text_toggle	shadow_draws	base	7	12800.0
caches:text_toggle	object_buffer_allocations	base	7	95840.0
caches:text_toggle	instance_buffer_allocations	base	7	0.0
caches:text_toggle	surface_records_built	base	7	102400.0
caches:text_toggle	plan_rebuilds	base	7	0.0
caches:text_toggle	bundle_compilations	base	7	80.0
caches:text_toggle	bundle_replays	base	7	80.0
caches:text_toggle	indirect_runs	base	7	0.0
caches:text_toggle	pipeline_binds	base	7	0.0
caches:taa_play	frames	base	7	80.0
caches:taa_play	cpu_median_ms	base	7	2.837
caches:taa_play	synchronized_median_ms	base	7	4.154
caches:taa_play	encode_median_ms	base	7	0.268
caches:taa_play	shadow_maps	base	7	0.0
caches:taa_play	shadow_draws	base	7	0.0
caches:taa_play	object_buffer_allocations	base	7	0.0
caches:taa_play	instance_buffer_allocations	base	7	0.0
caches:taa_play	surface_records_built	base	7	0.0
caches:taa_play	plan_rebuilds	base	7	0.0
caches:taa_play	bundle_compilations	base	7	0.0
caches:taa_play	bundle_replays	base	7	0.0
caches:taa_play	indirect_runs	base	7	0.0
caches:taa_play	pipeline_binds	base	7	80.0
caches:taa_paused	frames	base	7	80.0
caches:taa_paused	cpu_median_ms	base	7	2.782
caches:taa_paused	synchronized_median_ms	base	7	4.043
caches:taa_paused	encode_median_ms	base	7	0.291
caches:taa_paused	shadow_maps	base	7	0.0
caches:taa_paused	shadow_draws	base	7	0.0
caches:taa_paused	object_buffer_allocations	base	7	0.0
caches:taa_paused	instance_buffer_allocations	base	7	0.0
caches:taa_paused	surface_records_built	base	7	0.0
caches:taa_paused	plan_rebuilds	base	7	0.0
caches:taa_paused	bundle_compilations	base	7	0.0
caches:taa_paused	bundle_replays	base	7	0.0
caches:taa_paused	indirect_runs	base	7	0.0
caches:taa_paused	pipeline_binds	base	7	80.0
caches:taa_blur	frames	base	7	80.0
caches:taa_blur	cpu_median_ms	base	7	2.859
caches:taa_blur	synchronized_median_ms	base	7	4.298
caches:taa_blur	encode_median_ms	base	7	0.29
caches:taa_blur	shadow_maps	base	7	0.0
caches:taa_blur	shadow_draws	base	7	0.0
caches:taa_blur	object_buffer_allocations	base	7	0.0
caches:taa_blur	instance_buffer_allocations	base	7	0.0
caches:taa_blur	surface_records_built	base	7	0.0
caches:taa_blur	plan_rebuilds	base	7	0.0
caches:taa_blur	bundle_compilations	base	7	0.0
caches:taa_blur	bundle_replays	base	7	0.0
caches:taa_blur	indirect_runs	base	7	0.0
caches:taa_blur	pipeline_binds	base	7	80.0
caches:particles	frames	base	7	80.0
caches:particles	cpu_median_ms	base	7	1.84
caches:particles	synchronized_median_ms	base	7	2.233
caches:particles	encode_median_ms	base	7	0.288
caches:particles	shadow_maps	base	7	0.0
caches:particles	shadow_draws	base	7	0.0
caches:particles	object_buffer_allocations	base	7	0.0
caches:particles	instance_buffer_allocations	base	7	0.0
caches:particles	surface_records_built	base	7	0.0
caches:particles	plan_rebuilds	base	7	0.0
caches:particles	bundle_compilations	base	7	0.0
caches:particles	bundle_replays	base	7	0.0
caches:particles	indirect_runs	base	7	0.0
caches:particles	pipeline_binds	base	7	80.0
caches:sky	frames	base	7	80.0
caches:sky	cpu_median_ms	base	7	0.94
caches:sky	synchronized_median_ms	base	7	1.191
caches:sky	encode_median_ms	base	7	0.079
caches:sky	shadow_maps	base	7	0.0
caches:sky	shadow_draws	base	7	0.0
caches:sky	object_buffer_allocations	base	7	0.0
caches:sky	instance_buffer_allocations	base	7	0.0
caches:sky	surface_records_built	base	7	0.0
caches:sky	plan_rebuilds	base	7	0.0
caches:sky	bundle_compilations	base	7	0.0
caches:sky	bundle_replays	base	7	80.0
caches:sky	indirect_runs	base	7	0.0
caches:sky	pipeline_binds	base	7	0.0
caches:stream	frames	final	7	80.0
caches:stream	cpu_median_ms	final	7	0.963
caches:stream	synchronized_median_ms	final	7	1.187
caches:stream	encode_median_ms	final	7	0.113
caches:stream	shadow_maps	final	7	0.0
caches:stream	shadow_draws	final	7	0.0
caches:stream	object_buffer_allocations	final	7	0.0
caches:stream	instance_buffer_allocations	final	7	0.0
caches:stream	surface_records_built	final	7	0.0
caches:stream	plan_rebuilds	final	7	0.0
caches:stream	bundle_compilations	final	7	0.0
caches:stream	bundle_replays	final	7	80.0
caches:stream	indirect_runs	final	7	0.0
caches:stream	pipeline_binds	final	7	0.0
caches:stream	post_bind_groups	final	7	0.0
caches:text_toggle	frames	final	7	80.0
caches:text_toggle	cpu_median_ms	final	7	1.066
caches:text_toggle	synchronized_median_ms	final	7	1.305
caches:text_toggle	encode_median_ms	final	7	0.118
caches:text_toggle	shadow_maps	final	7	0.0
caches:text_toggle	shadow_draws	final	7	0.0
caches:text_toggle	object_buffer_allocations	final	7	0.0
caches:text_toggle	instance_buffer_allocations	final	7	0.0
caches:text_toggle	surface_records_built	final	7	0.0
caches:text_toggle	plan_rebuilds	final	7	0.0
caches:text_toggle	bundle_compilations	final	7	0.0
caches:text_toggle	bundle_replays	final	7	80.0
caches:text_toggle	indirect_runs	final	7	0.0
caches:text_toggle	pipeline_binds	final	7	0.0
caches:text_toggle	post_bind_groups	final	7	0.0
caches:taa_play	frames	final	7	80.0
caches:taa_play	cpu_median_ms	final	7	1.354
caches:taa_play	synchronized_median_ms	final	7	2.492
caches:taa_play	encode_median_ms	final	7	0.121
caches:taa_play	shadow_maps	final	7	0.0
caches:taa_play	shadow_draws	final	7	0.0
caches:taa_play	object_buffer_allocations	final	7	0.0
caches:taa_play	instance_buffer_allocations	final	7	0.0
caches:taa_play	surface_records_built	final	7	0.0
caches:taa_play	plan_rebuilds	final	7	0.0
caches:taa_play	bundle_compilations	final	7	0.0
caches:taa_play	bundle_replays	final	7	80.0
caches:taa_play	indirect_runs	final	7	0.0
caches:taa_play	pipeline_binds	final	7	0.0
caches:taa_play	post_bind_groups	final	7	0.0
caches:taa_paused	frames	final	7	80.0
caches:taa_paused	cpu_median_ms	final	7	1.371
caches:taa_paused	synchronized_median_ms	final	7	2.407
caches:taa_paused	encode_median_ms	final	7	0.133
caches:taa_paused	shadow_maps	final	7	0.0
caches:taa_paused	shadow_draws	final	7	0.0
caches:taa_paused	object_buffer_allocations	final	7	0.0
caches:taa_paused	instance_buffer_allocations	final	7	0.0
caches:taa_paused	surface_records_built	final	7	0.0
caches:taa_paused	plan_rebuilds	final	7	0.0
caches:taa_paused	bundle_compilations	final	7	0.0
caches:taa_paused	bundle_replays	final	7	80.0
caches:taa_paused	indirect_runs	final	7	0.0
caches:taa_paused	pipeline_binds	final	7	0.0
caches:taa_paused	post_bind_groups	final	7	0.0
caches:taa_blur	frames	final	7	80.0
caches:taa_blur	cpu_median_ms	final	7	1.376
caches:taa_blur	synchronized_median_ms	final	7	2.537
caches:taa_blur	encode_median_ms	final	7	0.122
caches:taa_blur	shadow_maps	final	7	0.0
caches:taa_blur	shadow_draws	final	7	0.0
caches:taa_blur	object_buffer_allocations	final	7	0.0
caches:taa_blur	instance_buffer_allocations	final	7	0.0
caches:taa_blur	surface_records_built	final	7	0.0
caches:taa_blur	plan_rebuilds	final	7	0.0
caches:taa_blur	bundle_compilations	final	7	0.0
caches:taa_blur	bundle_replays	final	7	80.0
caches:taa_blur	indirect_runs	final	7	0.0
caches:taa_blur	pipeline_binds	final	7	0.0
caches:taa_blur	post_bind_groups	final	7	0.0
caches:particles	frames	final	7	80.0
caches:particles	cpu_median_ms	final	7	1.051
caches:particles	synchronized_median_ms	final	7	1.286
caches:particles	encode_median_ms	final	7	0.116
caches:particles	shadow_maps	final	7	0.0
caches:particles	shadow_draws	final	7	0.0
caches:particles	object_buffer_allocations	final	7	0.0
caches:particles	instance_buffer_allocations	final	7	0.0
caches:particles	surface_records_built	final	7	0.0
caches:particles	plan_rebuilds	final	7	0.0
caches:particles	bundle_compilations	final	7	0.0
caches:particles	bundle_replays	final	7	80.0
caches:particles	indirect_runs	final	7	0.0
caches:particles	pipeline_binds	final	7	0.0
caches:particles	post_bind_groups	final	7	0.0
caches:sky	frames	final	7	80.0
caches:sky	cpu_median_ms	final	7	0.817
caches:sky	synchronized_median_ms	final	7	1.025
caches:sky	encode_median_ms	final	7	0.076
caches:sky	shadow_maps	final	7	0.0
caches:sky	shadow_draws	final	7	0.0
caches:sky	object_buffer_allocations	final	7	0.0
caches:sky	instance_buffer_allocations	final	7	0.0
caches:sky	surface_records_built	final	7	0.0
caches:sky	plan_rebuilds	final	7	0.0
caches:sky	bundle_compilations	final	7	0.0
caches:sky	bundle_replays	final	7	80.0
caches:sky	indirect_runs	final	7	0.0
caches:sky	pipeline_binds	final	7	0.0
caches:sky	post_bind_groups	final	7	0.0
mipmap	images	base	7	8.0
mipmap	size	base	7	1024.0
mipmap	levels	base	7	11.0
mipmap	upload_cpu_median_ms	base	7	6.029
mipmap	synchronized_median_ms	base	7	6.038
mipmap	images	final	7	8.0
mipmap	size	final	7	1024.0
mipmap	levels	final	7	11.0
mipmap	upload_cpu_median_ms	final	7	4.692
mipmap	synchronized_median_ms	final	7	4.709
temporal:play	items	base	7	4096.0
temporal:play	particles	base	7	16384.0
temporal:play	gi_probes	base	7	4096.0
temporal:play	begin_median_ms	base	7	3.8018
temporal:paused	items	base	7	4096.0
temporal:paused	particles	base	7	16384.0
temporal:paused	gi_probes	base	7	4096.0
temporal:paused	begin_median_ms	base	7	3.8221
temporal:play	items	final	7	4096.0
temporal:play	particles	final	7	16384.0
temporal:play	gi_probes	final	7	4096.0
temporal:play	begin_median_ms	final	7	0.4842
temporal:paused	items	final	7	4096.0
temporal:paused	particles	final	7	16384.0
temporal:paused	gi_probes	final	7	4096.0
temporal:paused	begin_median_ms	final	7	0.4848

# medians across pairs
benchmark	metric	base	final	final/base
caches:particles	bundle_compilations	0	0	-
caches:particles	bundle_replays	0	80	-
caches:particles	cpu_median_ms	1.806	1.066	0.590
caches:particles	encode_median_ms	0.274	0.121	0.442
caches:particles	frames	80	80	1.000
caches:particles	indirect_runs	0	0	-
caches:particles	instance_buffer_allocations	0	0	-
caches:particles	object_buffer_allocations	0	0	-
caches:particles	pipeline_binds	80	0	0.000
caches:particles	plan_rebuilds	0	0	-
caches:particles	shadow_draws	0	0	-
caches:particles	shadow_maps	0	0	-
caches:particles	surface_records_built	0	0	-
caches:particles	synchronized_median_ms	2.173	1.31	0.603
caches:sky	bundle_compilations	0	0	-
caches:sky	bundle_replays	80	80	1.000
caches:sky	cpu_median_ms	0.94	0.79	0.840
caches:sky	encode_median_ms	0.079	0.077	0.975
caches:sky	frames	80	80	1.000
caches:sky	indirect_runs	0	0	-
caches:sky	instance_buffer_allocations	0	0	-
caches:sky	object_buffer_allocations	0	0	-
caches:sky	pipeline_binds	0	0	-
caches:sky	plan_rebuilds	0	0	-
caches:sky	shadow_draws	0	0	-
caches:sky	shadow_maps	0	0	-
caches:sky	surface_records_built	0	0	-
caches:sky	synchronized_median_ms	1.185	1.007	0.850
caches:stream	bundle_compilations	80	0	0.000
caches:stream	bundle_replays	80	80	1.000
caches:stream	cpu_median_ms	6.925	0.951	0.137
caches:stream	encode_median_ms	0.552	0.109	0.197
caches:stream	frames	80	80	1.000
caches:stream	indirect_runs	0	0	-
caches:stream	instance_buffer_allocations	0	0	-
caches:stream	object_buffer_allocations	95840	0	0.000
caches:stream	pipeline_binds	0	0	-
caches:stream	plan_rebuilds	0	0	-
caches:stream	shadow_draws	12800	0	0.000
caches:stream	shadow_maps	80	0	0.000
caches:stream	surface_records_built	102400	0	0.000
caches:stream	synchronized_median_ms	9.073	1.183	0.130
caches:taa_blur	bundle_compilations	0	0	-
caches:taa_blur	bundle_replays	0	80	-
caches:taa_blur	cpu_median_ms	2.859	1.395	0.488
caches:taa_blur	encode_median_ms	0.277	0.127	0.458
caches:taa_blur	frames	80	80	1.000
caches:taa_blur	indirect_runs	0	0	-
caches:taa_blur	instance_buffer_allocations	0	0	-
caches:taa_blur	object_buffer_allocations	0	0	-
caches:taa_blur	pipeline_binds	80	0	0.000
caches:taa_blur	plan_rebuilds	0	0	-
caches:taa_blur	shadow_draws	0	0	-
caches:taa_blur	shadow_maps	0	0	-
caches:taa_blur	surface_records_built	0	0	-
caches:taa_blur	synchronized_median_ms	4.283	2.585	0.604
caches:taa_paused	bundle_compilations	0	0	-
caches:taa_paused	bundle_replays	0	80	-
caches:taa_paused	cpu_median_ms	2.779	1.371	0.493
caches:taa_paused	encode_median_ms	0.28	0.126	0.450
caches:taa_paused	frames	80	80	1.000
caches:taa_paused	indirect_runs	0	0	-
caches:taa_paused	instance_buffer_allocations	0	0	-
caches:taa_paused	object_buffer_allocations	0	0	-
caches:taa_paused	pipeline_binds	80	0	0.000
caches:taa_paused	plan_rebuilds	0	0	-
caches:taa_paused	shadow_draws	0	0	-
caches:taa_paused	shadow_maps	0	0	-
caches:taa_paused	surface_records_built	0	0	-
caches:taa_paused	synchronized_median_ms	3.968	2.438	0.614
caches:taa_play	bundle_compilations	0	0	-
caches:taa_play	bundle_replays	0	80	-
caches:taa_play	cpu_median_ms	2.914	1.366	0.469
caches:taa_play	encode_median_ms	0.272	0.126	0.463
caches:taa_play	frames	80	80	1.000
caches:taa_play	indirect_runs	0	0	-
caches:taa_play	instance_buffer_allocations	0	0	-
caches:taa_play	object_buffer_allocations	0	0	-
caches:taa_play	pipeline_binds	80	0	0.000
caches:taa_play	plan_rebuilds	0	0	-
caches:taa_play	shadow_draws	0	0	-
caches:taa_play	shadow_maps	0	0	-
caches:taa_play	surface_records_built	0	0	-
caches:taa_play	synchronized_median_ms	4.223	2.509	0.594
caches:text_toggle	bundle_compilations	80	0	0.000
caches:text_toggle	bundle_replays	80	80	1.000
caches:text_toggle	cpu_median_ms	9.383	1.078	0.115
caches:text_toggle	encode_median_ms	1.6	0.12	0.075
caches:text_toggle	frames	80	80	1.000
caches:text_toggle	indirect_runs	0	0	-
caches:text_toggle	instance_buffer_allocations	0	0	-
caches:text_toggle	object_buffer_allocations	95840	0	0.000
caches:text_toggle	pipeline_binds	0	0	-
caches:text_toggle	plan_rebuilds	0	0	-
caches:text_toggle	shadow_draws	12800	0	0.000
caches:text_toggle	shadow_maps	80	0	0.000
caches:text_toggle	surface_records_built	102400	0	0.000
caches:text_toggle	synchronized_median_ms	11.459	1.323	0.115
mipmap	images	8	8	1.000
mipmap	levels	11	11	1.000
mipmap	size	1024	1024	1.000
mipmap	synchronized_median_ms	6.038	4.746	0.786
mipmap	upload_cpu_median_ms	6.029	4.73	0.785
temporal:paused	begin_median_ms	3.8273	0.4848	0.127
temporal:paused	gi_probes	4096	4096	1.000
temporal:paused	items	4096	4096	1.000
temporal:paused	particles	16384	16384	1.000
temporal:play	begin_median_ms	3.8131	0.4853	0.127
temporal:play	gi_probes	4096	4096	1.000
temporal:play	items	4096	4096	1.000
temporal:play	particles	16384	16384	1.000
